Name,Phone,Email,Preference,Date,Day Type,Attendance
"Mast, Pat",3367654879,pat@patmast.law,email,26/02/2026,Thursday,Present
"Simmons, Elsie",3366553191,elsie.simmons555@gmail.com,email,26/02/2026,Thursday,Present
"Carver, Jane",3364163853,,phone,26/02/2026,Thursday,Present
"Farahakian, Ali",3368168400,,phone,26/02/2026,Thursday,Present
"Farahakian, Azam",336-816-8400,,phone,26/02/2026,Thursday,Present
"Kato, Ester",3367651796,,phone,26/02/2026,Thursday,Present
"Patterson, Wanda",3369186717,,phone,26/02/2026,Thursday,Absent
"Tinga, Mary",3369783629,mrst_761@yahoo.com,phone,26/02/2026,Thursday,Present
"Emrick, Grant",3362879510,,text,26/02/2026,Thursday,Present
"Geco, John",3367601338,,text,26/02/2026,Thursday,Present
"Kabis, Becky",3367451678,,text,26/02/2026,Thursday,Present
"Kabis, Dick",3367451677,,text,26/02/2026,Thursday,Present
"Lunz, John",3367746669,,text,26/02/2026,Thursday,Present
"Saluta, Jamie",3367252629,,text,26/02/2026,Thursday,Present
"Smith, Trudy",3363066103,,text,26/02/2026,Thursday,Absent
"Stark, Tim",3143803518,tstark20@aol.com,text,26/02/2026,Thursday,Present
