Billingsley, Barry,3364032658,foobar@example.org,text,20260319,Thursday,Absent
Billingsley, MaryAnn,336-403-2659 fake,,text,20260319,Thursday,Absent
Carver, Jane,3364163853,,phone,20260319,Thursday,Present
Deudny, Ruth,3366311357,,phone,20260319,Thursday,Present
Emrick, Grant,3362879510,,text,20260319,Thursday,Present
Farahakian, Ali,3368168400,,phone,20260319,Thursday,Present
Farahakian, Azam,336-816-8400,,phone,20260319,Thursday,Present
Greco, John,3367601338,,text,20260319,Thursday,Absent
Kabis, Becky,3367451678,,text,20260319,Thursday,Absent
Kabis, Dick,3367451677,,text,20260319,Thursday,Absent
Kato, Ester,3367651796,,phone,20260319,Thursday,Present
Kitchin, Jimmy,3367759670,,phone,20260319,Thursday,Absent
Lentz, Milrie,3367951902,,phone,20260319,Thursday,Present
Letson, Bren,6155855399,,text,20260319,Thursday,Present
Lowdermilk, Tad,3362828778,,phone,20260319,Thursday,Present
Lunz, John,3367746669,,text,20260319,Thursday,Present
Mast, Pat,3367654879,pat@patmast.law,email,20260319,Thursday,Present
Nations, Ronnie,3363910239,,text,20260319,Thursday,Present
Patterson, Wanda,3369186717,,phone,20260319,Thursday,Present
Saluta, Jamie,3367252629,,text,20260319,Thursday,Present
Simmons, Elsie,3366553191,elsie.simmons555@gmail.com,email,20260319,Thursday,Present
Smith, Trudy,3363066103,,text,20260319,Thursday,Absent
Stark, Tim,3143803518,tstark20@aol.com,text,20260319,Thursday,Present
Tinga, Mary,3369783629,mrst_761@yahoo.com,phone,20260319,Thursday,Present
