Player,Game,Table,Teammates
1,1,5,"4, 8, 9"
1,2,3,"19, 3, 6"
1,3,1,"10, 20, 3"
2,1,4,"12, 17, 3"
2,2,2,"11, 13, 17"
2,3,4,"17, 18, 8"
3,1,4,"12, 17, 2"
3,2,3,"1, 19, 6"
3,3,1,"1, 10, 20"
4,1,5,"1, 8, 9"
4,2,1,"12, 15, 9"
4,3,5,"12, 19, 9"
5,1,1,"15, 20, 6"
5,2,4,"10, 16, 8"
5,3,2,"11, 14, 6"
6,1,1,"15, 20, 5"
6,2,3,"1, 19, 3"
6,3,2,"11, 14, 5"
7,1,3,"11, 13, 18"
7,2,5,"14, 18, 20"
7,3,3,"13, 15, 16"
8,1,5,"1, 4, 9"
8,2,4,"10, 16, 5"
8,3,4,"17, 18, 2"
9,1,5,"1, 4, 8"
9,2,1,"12, 15, 4"
9,3,5,"12, 19, 4"
10,1,2,"14, 16, 19"
10,2,4,"16, 5, 8"
10,3,1,"1, 20, 3"
11,1,3,"13, 18, 7"
11,2,2,"13, 17, 2"
11,3,2,"14, 5, 6"
12,1,4,"17, 2, 3"
12,2,1,"15, 4, 9"
12,3,5,"19, 4, 9"
13,1,3,"11, 18, 7"
13,2,2,"11, 17, 2"
13,3,3,"15, 16, 7"
14,1,2,"10, 16, 19"
14,2,5,"18, 20, 7"
14,3,2,"11, 5, 6"
15,1,1,"20, 5, 6"
15,2,1,"12, 4, 9"
15,3,3,"13, 16, 7"
16,1,2,"10, 14, 19"
16,2,4,"10, 5, 8"
16,3,3,"13, 15, 7"
17,1,4,"12, 2, 3"
17,2,2,"11, 13, 2"
17,3,4,"18, 2, 8"
18,1,3,"11, 13, 7"
18,2,5,"14, 20, 7"
18,3,4,"17, 2, 8"
19,1,2,"10, 14, 16"
19,2,3,"1, 3, 6"
19,3,5,"12, 4, 9"
20,1,1,"15, 5, 6"
20,2,5,"14, 18, 7"
20,3,1,"1, 10, 3"
